<bookinfo>
  
  <authorgroup>
    <author>
      <firstname>Wim</firstname>
      <surname>Taymans</surname>
      <authorblurb>
	<para>
	  <email>wim.taymans@chello.be</email>
	</para>
      </authorblurb>
    </author>
    
    <author>
      <firstname>Steve</firstname>
      <surname>Baker</surname>
      <authorblurb>
	<para>
	  <email>stevebaker_org@yahoo.co.uk</email>
	</para>
      </authorblurb>
    </author>
    
    <author>
      <firstname>Andy</firstname>
      <surname>Wingo</surname>
      <authorblurb>
	<para>
	  <email>wingo@pobox.com</email>
	</para>
      </authorblurb>
    </author>
    
    <author>
      <firstname>Ronald</firstname>
      <othername>S.</othername>
      <surname>Bultje</surname>
      <authorblurb>
	<para>
	  <email>rbultje@ronald.bitfreak.net</email>
	</para>
      </authorblurb>
    </author>

    <author>
      <firstname>Stefan</firstname>
      <surname>Kost</surname>
      <authorblurb>
	<para>
	  <email>ensonic@users.sf.net</email>
	</para>
      </authorblurb>
    </author>
  </authorgroup>

  <legalnotice id="misc-legalnotice">
    <para>
      This material may be distributed only subject to the terms and
      conditions set forth in the Open Publication License, v1.0 or later (the
      latest version is presently available at <ulink url="
      http://www.opencontent.org/opl.shtml"
      type="http">http://www.opencontent.org/opl.shtml</ulink>).
    </para>
  </legalnotice>

  <title>&GStreamer; Application Development Manual (&GST_VERSION;)</title>

</bookinfo>

