<bookinfo>

  <authorgroup>
    <author>
      <firstname>Richard</firstname>
      <othername>John</othername>
      <surname>Boulton</surname>
      <authorblurb>
	<para>
	  <email>richard-gst@tartarus.org</email>
	</para>
      </authorblurb>
    </author>

    <author>
      <firstname>Erik</firstname>
      <surname>Walthinsen</surname>
      <authorblurb>
	<para>
	  <email>omega@temple-baptist.com</email>
	</para>
      </authorblurb>
    </author>

    <author>
      <firstname>Steve</firstname>
      <surname>Baker</surname>
      <authorblurb>
	<para>
	  <email>stevebaker_org@yahoo.co.uk</email>
	</para>
      </authorblurb>
    </author>

    <author>
      <firstname>Leif</firstname>
      <surname>Johnson</surname>
      <authorblurb>
	<para>
	  <email>leif@ambient.2y.net</email>
	</para>
      </authorblurb>
    </author>

    <author>
      <firstname>Ronald</firstname>
      <othername>S.</othername>
      <surname>Bultje</surname>
      <authorblurb>
	<para>
	  <email>rbultje@ronald.bitfreak.net</email>
	</para>
      </authorblurb>
    </author>

    <author>
      <firstname>Stefan</firstname>
      <surname>Kost</surname>
      <authorblurb>
	<para>
	  <email>ensonic@users.sf.net</email>
	</para>
      </authorblurb>
    </author>

    <author>
      <firstname>Tim-Philipp</firstname>
      <surname>Müller</surname>
      <authorblurb>
        <para>
	      <email>tim centricular . net</email>
        </para>
      </authorblurb>
    </author>
    <author>
      <firstname>Wim</firstname>
      <surname>Taymans</surname>
      <authorblurb>
        <para>
	      <email>wim.taymans@gmail.com</email>
        </para>
      </authorblurb>
    </author>
  </authorgroup>

  <legalnotice id="misc-legalnotice">
    <para>
      This material may be distributed only subject to the terms and
      conditions set forth in the Open Publication License, v1.0 or later (the
      latest version is presently available at <ulink
      url="http://www.opencontent.org/openpub/"
      type="http">http://www.opencontent.org/openpub/</ulink>).
    </para>
  </legalnotice>

  <title>&GStreamer; Plugin Writer's Guide (&GST_VERSION;)</title>

</bookinfo>
